[{"ts":"2017-07-06T20:34:04Z","username":"brian.cross741","platform":"Android OS 7.0 API 24 (samsung, SM-G935V)","ms_played":4900,"conn_country":"US","ip_addr_decrypted":null,"user_agent_decrypted":null,"master_metadata_track_name":null,"master_metadata_album_artist_name":null,"master_metadata_album_album_name":null,"spotify_track_uri":null,"episode_name":"Waayaha Cusub feat. Desiigner","episode_show_name":"I'm with the banned","spotify_episode_uri":"spotify:episode:4GfzGsLT2Yw1L33ZzBIlzu","reason_start":"clickrow","reason_end":"endplay","shuffle":false,"skipped":null,"offline":null,"offline_timestamp":null,"incognito_mode":false},{"ts":"2018-01-26T20:17:41Z","username":"brian.cross741","platform":"Android OS 7.0 API 24 (samsung, SM-G935V)","ms_played":705,"conn_country":"US","ip_addr_decrypted":null,"user_agent_decrypted":null,"master_metadata_track_name":null,"master_metadata_album_artist_name":null,"master_metadata_album_album_name":null,"spotify_track_uri":null,"episode_name":"Migos: Culture II Teaser","episode_show_name":"RapCaviar: Original Videos","spotify_episode_uri":"spotify:episode:27LS8JP95VrrJiegtaDflT","reason_start":"appload","reason_end":"fwdbtn","shuffle":false,"skipped":null,"offline":null,"offline_timestamp":null,"incognito_mode":false},{"ts":"2018-01-26T20:18:26Z","username":"brian.cross741","platform":"Android OS 7.0 API 24 (samsung, SM-G935V)","ms_played":3660,"conn_country":"US","ip_addr_decrypted":null,"user_agent_decrypted":null,"master_metadata_track_name":null,"master_metadata_album_artist_name":null,"master_metadata_album_album_name":null,"spotify_track_uri":null,"episode_name":"The Rundown","episode_show_name":"RapCaviar: Original Videos","spotify_episode_uri":"spotify:episode:4soTfGKuENZJiksRgmCSmO","reason_start":"fwdbtn","reason_end":"endplay","shuffle":false,"skipped":null,"offline":null,"offline_timestamp":null,"incognito_mode":false},{"ts":"2018-03-31T04:00:30Z","username":"brian.cross741","platform":"Android OS 7.0 API 24 (samsung, SM-G935V)","ms_played":7784,"conn_country":"US","ip_addr_decrypted":null,"user_agent_decrypted":null,"master_metadata_track_name":null,"master_metadata_album_artist_name":null,"master_metadata_album_album_name":null,"spotify_track_uri":null,"episode_name":"Zedd, Maren Morris & Grey - The Middle","episode_show_name":"Zedd, Maren Morris & Grey - The Middle","spotify_episode_uri":"spotify:episode:0MoRevjNUEW0rTfeydtanY","reason_start":"appload","reason_end":"endplay","shuffle":false,"skipped":null,"offline":null,"offline_timestamp":null,"incognito_mode":false},{"ts":"2018-09-21T18:26:42Z","username":"brian.cross741","platform":"OS X 10.13.6 [x86 8]","ms_played":10122,"conn_country":"US","ip_addr_decrypted":"208.251.154.10","user_agent_decrypted":"unknown","master_metadata_track_name":null,"master_metadata_album_artist_name":null,"master_metadata_album_album_name":null,"spotify_track_uri":null,"episode_name":"French Montana – TGIF","episode_show_name":"Spotify","spotify_episode_uri":"spotify:episode:1XmYietq7PDhqt9HsfkTS6","reason_start":"remote","reason_end":"trackdone","shuffle":false,"skipped":null,"offline":null,"offline_timestamp":null,"incognito_mode":false},{"ts":"2022-01-25T23:20:11Z","username":"brian.cross741","platform":"Windows 10 (10.0.19042; x64)","ms_played":9943,"conn_country":"US","ip_addr_decrypted":"68.174.11.193","user_agent_decrypted":"unknown","master_metadata_track_name":null,"master_metadata_album_artist_name":null,"master_metadata_album_album_name":null,"spotify_track_uri":null,"episode_name":"The Gang Runs for Office","episode_show_name":"The Always Sunny Podcast","spotify_episode_uri":"spotify:episode:1tpj6nD2KnZxvjSyWmum3M","reason_start":"clickrow","reason_end":"endplay","shuffle":false,"skipped":null,"offline":null,"offline_timestamp":null,"incognito_mode":false},{"ts":"2022-01-25T23:20:37Z","username":"brian.cross741","platform":"iOS 15.2.1 (iPhone13,3)","ms_played":26690,"conn_country":"US","ip_addr_decrypted":"68.174.11.193","user_agent_decrypted":"unknown","master_metadata_track_name":null,"master_metadata_album_artist_name":null,"master_metadata_album_album_name":null,"spotify_track_uri":null,"episode_name":"The Gang Runs for Office","episode_show_name":"The Always Sunny Podcast","spotify_episode_uri":"spotify:episode:1tpj6nD2KnZxvjSyWmum3M","reason_start":"remote","reason_end":"endplay","shuffle":false,"skipped":null,"offline":null,"offline_timestamp":null,"incognito_mode":false},{"ts":"2022-01-25T23:25:04Z","username":"brian.cross741","platform":"Windows 10 (10.0.19042; x64)","ms_played":0,"conn_country":"US","ip_addr_decrypted":"68.174.11.193","user_agent_decrypted":"unknown","master_metadata_track_name":null,"master_metadata_album_artist_name":null,"master_metadata_album_album_name":null,"spotify_track_uri":null,"episode_name":"The Gang Runs for Office","episode_show_name":"The Always Sunny Podcast","spotify_episode_uri":"spotify:episode:1tpj6nD2KnZxvjSyWmum3M","reason_start":"remote","reason_end":"endplay","shuffle":false,"skipped":null,"offline":null,"offline_timestamp":null,"incognito_mode":false},{"ts":"2022-01-25T23:25:04Z","username":"brian.cross741","platform":"Windows 10 (10.0.19043; x64)","ms_played":0,"conn_country":"US","ip_addr_decrypted":"144.121.65.130","user_agent_decrypted":"unknown","master_metadata_track_name":null,"master_metadata_album_artist_name":null,"master_metadata_album_album_name":null,"spotify_track_uri":null,"episode_name":"The Gang Runs for Office","episode_show_name":"The Always Sunny Podcast","spotify_episode_uri":"spotify:episode:1tpj6nD2KnZxvjSyWmum3M","reason_start":"remote","reason_end":"endplay","shuffle":false,"skipped":null,"offline":null,"offline_timestamp":null,"incognito_mode":false},{"ts":"2022-01-25T23:28:04Z","username":"brian.cross741","platform":"Windows 10 (10.0.19042; x64)","ms_played":0,"conn_country":"US","ip_addr_decrypted":"68.174.11.193","user_agent_decrypted":"unknown","master_metadata_track_name":null,"master_metadata_album_artist_name":null,"master_metadata_album_album_name":null,"spotify_track_uri":null,"episode_name":"The Gang Runs for Office","episode_show_name":"The Always Sunny Podcast","spotify_episode_uri":"spotify:episode:1tpj6nD2KnZxvjSyWmum3M","reason_start":"remote","reason_end":"endplay","shuffle":false,"skipped":null,"offline":null,"offline_timestamp":null,"incognito_mode":false},{"ts":"2022-01-25T23:28:05Z","username":"brian.cross741","platform":"Windows 10 (10.0.19043; x64)","ms_played":0,"conn_country":"US","ip_addr_decrypted":"144.121.65.130","user_agent_decrypted":"unknown","master_metadata_track_name":null,"master_metadata_album_artist_name":null,"master_metadata_album_album_name":null,"spotify_track_uri":null,"episode_name":"The Gang Runs for Office","episode_show_name":"The Always Sunny Podcast","spotify_episode_uri":"spotify:episode:1tpj6nD2KnZxvjSyWmum3M","reason_start":"remote","reason_end":"endplay","shuffle":false,"skipped":null,"offline":null,"offline_timestamp":null,"incognito_mode":false},{"ts":"2022-01-25T23:34:37Z","username":"brian.cross741","platform":"Windows 10 (10.0.19043; x64)","ms_played":0,"conn_country":"US","ip_addr_decrypted":"144.121.65.130","user_agent_decrypted":"unknown","master_metadata_track_name":null,"master_metadata_album_artist_name":null,"master_metadata_album_album_name":null,"spotify_track_uri":null,"episode_name":"The Gang Runs for Office","episode_show_name":"The Always Sunny Podcast","spotify_episode_uri":"spotify:episode:1tpj6nD2KnZxvjSyWmum3M","reason_start":"remote","reason_end":"endplay","shuffle":false,"skipped":null,"offline":null,"offline_timestamp":null,"incognito_mode":false},{"ts":"2022-01-25T23:34:37Z","username":"brian.cross741","platform":"Windows 10 (10.0.19042; x64)","ms_played":0,"conn_country":"US","ip_addr_decrypted":"68.174.11.193","user_agent_decrypted":"unknown","master_metadata_track_name":null,"master_metadata_album_artist_name":null,"master_metadata_album_album_name":null,"spotify_track_uri":null,"episode_name":"The Gang Runs for Office","episode_show_name":"The Always Sunny Podcast","spotify_episode_uri":"spotify:episode:1tpj6nD2KnZxvjSyWmum3M","reason_start":"remote","reason_end":"endplay","shuffle":false,"skipped":null,"offline":null,"offline_timestamp":null,"incognito_mode":false},{"ts":"2022-01-26T00:08:34Z","username":"brian.cross741","platform":"iOS 15.2.1 (iPhone13,3)","ms_played":2610006,"conn_country":"US","ip_addr_decrypted":"68.174.11.193","user_agent_decrypted":"unknown","master_metadata_track_name":null,"master_metadata_album_artist_name":null,"master_metadata_album_album_name":null,"spotify_track_uri":null,"episode_name":"The Gang Runs for Office","episode_show_name":"The Always Sunny Podcast","spotify_episode_uri":"spotify:episode:1tpj6nD2KnZxvjSyWmum3M","reason_start":"clickrow","reason_end":"trackdone","shuffle":false,"skipped":null,"offline":null,"offline_timestamp":null,"incognito_mode":false},{"ts":"2022-02-02T23:00:32Z","username":"brian.cross741","platform":"iOS 15.2.1 (iPhone13,3)","ms_played":2812434,"conn_country":"US","ip_addr_decrypted":"68.174.11.193","user_agent_decrypted":"unknown","master_metadata_track_name":null,"master_metadata_album_artist_name":null,"master_metadata_album_album_name":null,"spotify_track_uri":null,"episode_name":"Charlie Goes America All Over Everybody's Ass","episode_show_name":"The Always Sunny Podcast","spotify_episode_uri":"spotify:episode:0P8RmU37EZTaSTP0hswCB4","reason_start":"clickrow","reason_end":"trackdone","shuffle":false,"skipped":null,"offline":null,"offline_timestamp":null,"incognito_mode":false},{"ts":"2022-02-13T21:34:07Z","username":"brian.cross741","platform":"iOS 15.2 (iPad7,4)","ms_played":3562018,"conn_country":"US","ip_addr_decrypted":"68.174.11.193","user_agent_decrypted":"unknown","master_metadata_track_name":null,"master_metadata_album_artist_name":null,"master_metadata_album_album_name":null,"spotify_track_uri":null,"episode_name":"Dennis and Dee Get a New Dad","episode_show_name":"The Always Sunny Podcast","spotify_episode_uri":"spotify:episode:0HREplxDh11aWsvosPUn1c","reason_start":"clickrow","reason_end":"trackdone","shuffle":false,"skipped":null,"offline":null,"offline_timestamp":null,"incognito_mode":false},{"ts":"2022-02-14T13:14:45Z","username":"brian.cross741","platform":"iOS 15.2.1 (iPhone13,3)","ms_played":1901,"conn_country":"US","ip_addr_decrypted":"68.174.11.193","user_agent_decrypted":"unknown","master_metadata_track_name":null,"master_metadata_album_artist_name":null,"master_metadata_album_album_name":null,"spotify_track_uri":null,"episode_name":"Dennis and Dee Get a New Dad","episode_show_name":"The Always Sunny Podcast","spotify_episode_uri":"spotify:episode:0HREplxDh11aWsvosPUn1c","reason_start":"clickrow","reason_end":"endplay","shuffle":false,"skipped":null,"offline":null,"offline_timestamp":null,"incognito_mode":false},{"ts":"2022-02-16T17:39:09Z","username":"brian.cross741","platform":"iOS 15.2 (iPad7,4)","ms_played":3314053,"conn_country":"US","ip_addr_decrypted":"68.174.11.193","user_agent_decrypted":"unknown","master_metadata_track_name":null,"master_metadata_album_artist_name":null,"master_metadata_album_album_name":null,"spotify_track_uri":null,"episode_name":"The Guys Take Some Calls","episode_show_name":"The Always Sunny Podcast","spotify_episode_uri":"spotify:episode:2Ju1zFkH7Ity3D4iDzbR1Y","reason_start":"clickrow","reason_end":"trackdone","shuffle":false,"skipped":null,"offline":null,"offline_timestamp":null,"incognito_mode":false},{"ts":"2022-03-10T14:47:06Z","username":"brian.cross741","platform":"iOS 15.3.1 (iPad7,4)","ms_played":819519,"conn_country":"US","ip_addr_decrypted":"68.174.11.193","user_agent_decrypted":"unknown","master_metadata_track_name":null,"master_metadata_album_artist_name":null,"master_metadata_album_album_name":null,"spotify_track_uri":null,"episode_name":"The Gang Finds a Dumpster Baby","episode_show_name":"The Always Sunny Podcast","spotify_episode_uri":"spotify:episode:38C9VcWgm1SJHmAtoiMK9y","reason_start":"clickrow","reason_end":"unexpected-exit-while-paused","shuffle":false,"skipped":null,"offline":null,"offline_timestamp":null,"incognito_mode":false},{"ts":"2022-06-20T22:51:52Z","username":"brian.cross741","platform":"iOS 15.5 (iPhone13,3)","ms_played":3364611,"conn_country":"US","ip_addr_decrypted":"68.174.11.193","user_agent_decrypted":"unknown","master_metadata_track_name":null,"master_metadata_album_artist_name":null,"master_metadata_album_album_name":null,"spotify_track_uri":null,"episode_name":"The Gang Gets Held Hostage","episode_show_name":"The Always Sunny Podcast","spotify_episode_uri":"spotify:episode:6KDO2Cufd6w44UnqBMYTYJ","reason_start":"clickrow","reason_end":"trackdone","shuffle":false,"skipped":null,"offline":null,"offline_timestamp":null,"incognito_mode":false},{"ts":"2022-06-21T04:18:01Z","username":"brian.cross741","platform":"iOS 15.5 (iPhone13,3)","ms_played":2410595,"conn_country":"US","ip_addr_decrypted":"68.174.11.193","user_agent_decrypted":"unknown","master_metadata_track_name":null,"master_metadata_album_artist_name":null,"master_metadata_album_album_name":null,"spotify_track_uri":null,"episode_name":"The Aluminum Monster vs. Fatty Magoo","episode_show_name":"The Always Sunny Podcast","spotify_episode_uri":"spotify:episode:4viExF4CjTyIPseMp6vgSs","reason_start":"trackdone","reason_end":"unexpected-exit-while-paused","shuffle":false,"skipped":null,"offline":null,"offline_timestamp":null,"incognito_mode":false},{"ts":"2022-06-22T00:34:03Z","username":"brian.cross741","platform":"iOS 15.5 (iPhone13,3)","ms_played":2230456,"conn_country":"US","ip_addr_decrypted":"68.174.11.193","user_agent_decrypted":"unknown","master_metadata_track_name":null,"master_metadata_album_artist_name":null,"master_metadata_album_album_name":null,"spotify_track_uri":null,"episode_name":"The Gang Solves the North Korea Situation","episode_show_name":"The Always Sunny Podcast","spotify_episode_uri":"spotify:episode:0joQui5IYRNgyfiIsPWo2L","reason_start":"clickrow","reason_end":"endplay","shuffle":false,"skipped":null,"offline":null,"offline_timestamp":null,"incognito_mode":false},{"ts":"2022-06-29T19:58:11Z","username":"brian.cross741","platform":"iOS 15.5 (iPhone13,3)","ms_played":2954731,"conn_country":"US","ip_addr_decrypted":"174.204.144.38","user_agent_decrypted":"unknown","master_metadata_track_name":null,"master_metadata_album_artist_name":null,"master_metadata_album_album_name":null,"spotify_track_uri":null,"episode_name":"Who's Got Donkey Brains?","episode_show_name":"The Always Sunny Podcast","spotify_episode_uri":"spotify:episode:0IWhLEE7WG420Wu8wKtLBs","reason_start":"clickrow","reason_end":"trackdone","shuffle":false,"skipped":null,"offline":null,"offline_timestamp":null,"incognito_mode":false},{"ts":"2022-06-29T20:52:05Z","username":"brian.cross741","platform":"iOS 15.5 (iPhone13,3)","ms_played":3218003,"conn_country":"US","ip_addr_decrypted":"174.204.144.38","user_agent_decrypted":"unknown","master_metadata_track_name":null,"master_metadata_album_artist_name":null,"master_metadata_album_album_name":null,"spotify_track_uri":null,"episode_name":"The Gang Sells Out","episode_show_name":"The Always Sunny Podcast","spotify_episode_uri":"spotify:episode:2D7PhBmGtwSkqop2QLi7ja","reason_start":"trackdone","reason_end":"trackdone","shuffle":false,"skipped":null,"offline":null,"offline_timestamp":null,"incognito_mode":false},{"ts":"2022-06-29T20:57:19Z","username":"brian.cross741","platform":"Windows 10 (10.0.19044; x64)","ms_played":0,"conn_country":"US","ip_addr_decrypted":"38.140.182.140","user_agent_decrypted":"unknown","master_metadata_track_name":null,"master_metadata_album_artist_name":null,"master_metadata_album_album_name":null,"spotify_track_uri":null,"episode_name":"Frank Sets Sweet Dee on Fire","episode_show_name":"The Always Sunny Podcast","spotify_episode_uri":"spotify:episode:1nxhqXIt71m5eQ8U9jQMQj","reason_start":"remote","reason_end":"endplay","shuffle":false,"skipped":null,"offline":null,"offline_timestamp":null,"incognito_mode":false},{"ts":"2022-06-29T21:10:56Z","username":"brian.cross741","platform":"Windows 10 (10.0.19044; x64)","ms_played":0,"conn_country":"US","ip_addr_decrypted":"38.140.182.140","user_agent_decrypted":"unknown","master_metadata_track_name":null,"master_metadata_album_artist_name":null,"master_metadata_album_album_name":null,"spotify_track_uri":null,"episode_name":"Frank Sets Sweet Dee on Fire","episode_show_name":"The Always Sunny Podcast","spotify_episode_uri":"spotify:episode:1nxhqXIt71m5eQ8U9jQMQj","reason_start":"remote","reason_end":"endplay","shuffle":false,"skipped":null,"offline":null,"offline_timestamp":null,"incognito_mode":false},{"ts":"2022-06-29T21:31:38Z","username":"brian.cross741","platform":"Windows 10 (10.0.19044; x64)","ms_played":0,"conn_country":"US","ip_addr_decrypted":"38.140.182.140","user_agent_decrypted":"unknown","master_metadata_track_name":null,"master_metadata_album_artist_name":null,"master_metadata_album_album_name":null,"spotify_track_uri":null,"episode_name":"Frank Sets Sweet Dee on Fire","episode_show_name":"The Always Sunny Podcast","spotify_episode_uri":"spotify:episode:1nxhqXIt71m5eQ8U9jQMQj","reason_start":"remote","reason_end":"endplay","shuffle":false,"skipped":null,"offline":null,"offline_timestamp":null,"incognito_mode":false},{"ts":"2022-06-29T21:33:47Z","username":"brian.cross741","platform":"Windows 10 (10.0.19044; x64)","ms_played":0,"conn_country":"US","ip_addr_decrypted":"38.140.182.140","user_agent_decrypted":"unknown","master_metadata_track_name":null,"master_metadata_album_artist_name":null,"master_metadata_album_album_name":null,"spotify_track_uri":null,"episode_name":"Frank Sets Sweet Dee on Fire","episode_show_name":"The Always Sunny Podcast","spotify_episode_uri":"spotify:episode:1nxhqXIt71m5eQ8U9jQMQj","reason_start":"remote","reason_end":"endplay","shuffle":false,"skipped":null,"offline":null,"offline_timestamp":null,"incognito_mode":false},{"ts":"2022-06-29T22:14:19Z","username":"brian.cross741","platform":"iOS 15.5 (iPhone13,3)","ms_played":2805779,"conn_country":"US","ip_addr_decrypted":"174.204.144.38","user_agent_decrypted":"unknown","master_metadata_track_name":null,"master_metadata_album_artist_name":null,"master_metadata_album_album_name":null,"spotify_track_uri":null,"episode_name":"Frank Sets Sweet Dee on Fire","episode_show_name":"The Always Sunny Podcast","spotify_episode_uri":"spotify:episode:1nxhqXIt71m5eQ8U9jQMQj","reason_start":"trackdone","reason_end":"trackerror","shuffle":false,"skipped":null,"offline":null,"offline_timestamp":null,"incognito_mode":false},{"ts":"2022-07-11T12:46:19Z","username":"brian.cross741","platform":"iOS 15.5 (iPhone13,3)","ms_played":1025016,"conn_country":"US","ip_addr_decrypted":"68.174.11.193","user_agent_decrypted":"unknown","master_metadata_track_name":null,"master_metadata_album_artist_name":null,"master_metadata_album_album_name":null,"spotify_track_uri":null,"episode_name":"Frank Sets Sweet Dee on Fire","episode_show_name":"The Always Sunny Podcast","spotify_episode_uri":"spotify:episode:1nxhqXIt71m5eQ8U9jQMQj","reason_start":"clickrow","reason_end":"trackdone","shuffle":false,"skipped":null,"offline":null,"offline_timestamp":null,"incognito_mode":false},{"ts":"2022-07-11T14:13:24Z","username":"brian.cross741","platform":"iOS 15.5 (iPhone13,3)","ms_played":2875401,"conn_country":"US","ip_addr_decrypted":"68.174.11.193","user_agent_decrypted":"unknown","master_metadata_track_name":null,"master_metadata_album_artist_name":null,"master_metadata_album_album_name":null,"spotify_track_uri":null,"episode_name":"Sweet Dee's Dating a [Redacted] Person","episode_show_name":"The Always Sunny Podcast","spotify_episode_uri":"spotify:episode:1OfBbFsQKm0TZxSj7Or3BT","reason_start":"trackdone","reason_end":"endplay","shuffle":false,"skipped":null,"offline":null,"offline_timestamp":null,"incognito_mode":false},{"ts":"2022-07-11T14:16:44Z","username":"brian.cross741","platform":"iOS 15.5 (iPhone13,3)","ms_played":102575,"conn_country":"US","ip_addr_decrypted":"68.174.11.193","user_agent_decrypted":"unknown","master_metadata_track_name":null,"master_metadata_album_artist_name":null,"master_metadata_album_album_name":null,"spotify_track_uri":null,"episode_name":"Sweet Dee's Dating a [Redacted] Person","episode_show_name":"The Always Sunny Podcast","spotify_episode_uri":"spotify:episode:1OfBbFsQKm0TZxSj7Or3BT","reason_start":"clickrow","reason_end":"endplay","shuffle":false,"skipped":null,"offline":null,"offline_timestamp":null,"incognito_mode":false},{"ts":"2022-07-11T14:37:33Z","username":"brian.cross741","platform":"iOS 15.5 (iPhone13,3)","ms_played":187884,"conn_country":"US","ip_addr_decrypted":"68.174.11.193","user_agent_decrypted":"unknown","master_metadata_track_name":null,"master_metadata_album_artist_name":null,"master_metadata_album_album_name":null,"spotify_track_uri":null,"episode_name":"Sweet Dee's Dating a [Redacted] Person","episode_show_name":"The Always Sunny Podcast","spotify_episode_uri":"spotify:episode:1OfBbFsQKm0TZxSj7Or3BT","reason_start":"clickrow","reason_end":"trackdone","shuffle":false,"skipped":null,"offline":null,"offline_timestamp":null,"incognito_mode":false},{"ts":"2022-07-11T16:18:08Z","username":"brian.cross741","platform":"iOS 15.5 (iPhone13,3)","ms_played":3648527,"conn_country":"US","ip_addr_decrypted":"68.174.11.193","user_agent_decrypted":"unknown","master_metadata_track_name":null,"master_metadata_album_artist_name":null,"master_metadata_album_album_name":null,"spotify_track_uri":null,"episode_name":"Mac is a Serial Killer","episode_show_name":"The Always Sunny Podcast","spotify_episode_uri":"spotify:episode:1Y1xUNQnUeiCtiZGbC7pMr","reason_start":"trackdone","reason_end":"trackdone","shuffle":false,"skipped":null,"offline":null,"offline_timestamp":null,"incognito_mode":false},{"ts":"2022-07-11T17:09:23Z","username":"brian.cross741","platform":"iOS 15.5 (iPhone13,3)","ms_played":3106115,"conn_country":"US","ip_addr_decrypted":"68.174.11.193","user_agent_decrypted":"unknown","master_metadata_track_name":null,"master_metadata_album_artist_name":null,"master_metadata_album_album_name":null,"spotify_track_uri":null,"episode_name":"Dennis Looks Like a Registered Sex Offender","episode_show_name":"The Always Sunny Podcast","spotify_episode_uri":"spotify:episode:0ptJOK3VGkvWAaJ0O2Jg7Q","reason_start":"trackdone","reason_end":"trackdone","shuffle":false,"skipped":null,"offline":null,"offline_timestamp":null,"incognito_mode":false},{"ts":"2022-07-11T19:01:39Z","username":"brian.cross741","platform":"iOS 15.5 (iPhone13,3)","ms_played":874124,"conn_country":"US","ip_addr_decrypted":"68.174.11.193","user_agent_decrypted":"unknown","master_metadata_track_name":null,"master_metadata_album_artist_name":null,"master_metadata_album_album_name":null,"spotify_track_uri":null,"episode_name":"The Oldie Friends Game","episode_show_name":"The Always Sunny Podcast","spotify_episode_uri":"spotify:episode:2OhDqCLkLozHHuz6T1nBFI","reason_start":"trackdone","reason_end":"unexpected-exit-while-paused","shuffle":false,"skipped":null,"offline":null,"offline_timestamp":null,"incognito_mode":false},{"ts":"2022-07-11T19:44:55Z","username":"brian.cross741","platform":"iOS 15.5 (iPhone13,3)","ms_played":2578357,"conn_country":"US","ip_addr_decrypted":"68.174.11.193","user_agent_decrypted":"unknown","master_metadata_track_name":null,"master_metadata_album_artist_name":null,"master_metadata_album_album_name":null,"spotify_track_uri":null,"episode_name":"The Oldie Friends Game","episode_show_name":"The Always Sunny Podcast","spotify_episode_uri":"spotify:episode:2OhDqCLkLozHHuz6T1nBFI","reason_start":"appload","reason_end":"trackdone","shuffle":false,"skipped":null,"offline":null,"offline_timestamp":null,"incognito_mode":false},{"ts":"2022-07-11T20:51:08Z","username":"brian.cross741","platform":"iOS 15.5 (iPhone13,3)","ms_played":493412,"conn_country":"US","ip_addr_decrypted":"68.174.11.193","user_agent_decrypted":"unknown","master_metadata_track_name":null,"master_metadata_album_artist_name":null,"master_metadata_album_album_name":null,"spotify_track_uri":null,"episode_name":"The Best of The Always Sunny Podcast","episode_show_name":"The Always Sunny Podcast","spotify_episode_uri":"spotify:episode:324z7xh0eyEkCGEJHPNUtS","reason_start":"trackdone","reason_end":"endplay","shuffle":false,"skipped":null,"offline":null,"offline_timestamp":null,"incognito_mode":false},{"ts":"2022-07-11T21:58:48Z","username":"brian.cross741","platform":"iOS 15.5 (iPhone13,3)","ms_played":1511128,"conn_country":"US","ip_addr_decrypted":"68.174.11.193","user_agent_decrypted":"unknown","master_metadata_track_name":null,"master_metadata_album_artist_name":null,"master_metadata_album_album_name":null,"spotify_track_uri":null,"episode_name":"The Gang Gets Whacked: Part 1","episode_show_name":"The Always Sunny Podcast","spotify_episode_uri":"spotify:episode:0WgRKR17LFXe0UwXbuJKDF","reason_start":"clickrow","reason_end":"backbtn","shuffle":false,"skipped":null,"offline":null,"offline_timestamp":null,"incognito_mode":false},{"ts":"2022-07-12T00:41:21Z","username":"brian.cross741","platform":"iOS 15.5 (iPhone13,3)","ms_played":2082,"conn_country":"US","ip_addr_decrypted":"68.174.11.193","user_agent_decrypted":"unknown","master_metadata_track_name":null,"master_metadata_album_artist_name":null,"master_metadata_album_album_name":null,"spotify_track_uri":null,"episode_name":"The Best of The Always Sunny Podcast","episode_show_name":"The Always Sunny Podcast","spotify_episode_uri":"spotify:episode:324z7xh0eyEkCGEJHPNUtS","reason_start":"backbtn","reason_end":"endplay","shuffle":false,"skipped":null,"offline":null,"offline_timestamp":null,"incognito_mode":false},{"ts":"2022-07-12T01:38:40Z","username":"brian.cross741","platform":"iOS 15.5 (iPad7,4)","ms_played":3250049,"conn_country":"US","ip_addr_decrypted":"68.174.11.193","user_agent_decrypted":"unknown","master_metadata_track_name":null,"master_metadata_album_artist_name":null,"master_metadata_album_album_name":null,"spotify_track_uri":null,"episode_name":"The Gang Gets Whacked: Part 1","episode_show_name":"The Always Sunny Podcast","spotify_episode_uri":"spotify:episode:0WgRKR17LFXe0UwXbuJKDF","reason_start":"clickrow","reason_end":"trackdone","shuffle":false,"skipped":null,"offline":null,"offline_timestamp":null,"incognito_mode":false},{"ts":"2022-07-12T02:35:54Z","username":"brian.cross741","platform":"iOS 15.5 (iPad7,4)","ms_played":3431265,"conn_country":"US","ip_addr_decrypted":"68.174.11.193","user_agent_decrypted":"unknown","master_metadata_track_name":null,"master_metadata_album_artist_name":null,"master_metadata_album_album_name":null,"spotify_track_uri":null,"episode_name":"The Gang Gets Whacked: Part 2","episode_show_name":"The Always Sunny Podcast","spotify_episode_uri":"spotify:episode:1LhoOrSFjqOZcyDMkZ3hE6","reason_start":"trackdone","reason_end":"trackdone","shuffle":false,"skipped":null,"offline":null,"offline_timestamp":null,"incognito_mode":false},{"ts":"2022-07-12T02:42:18Z","username":"brian.cross741","platform":"iOS 15.5 (iPhone13,3)","ms_played":0,"conn_country":"US","ip_addr_decrypted":"68.174.11.193","user_agent_decrypted":"unknown","master_metadata_track_name":null,"master_metadata_album_artist_name":null,"master_metadata_album_album_name":null,"spotify_track_uri":null,"episode_name":"The Gang Gets Whacked: Part 1","episode_show_name":"The Always Sunny Podcast","spotify_episode_uri":"spotify:episode:0WgRKR17LFXe0UwXbuJKDF","reason_start":"remote","reason_end":"endplay","shuffle":false,"skipped":null,"offline":null,"offline_timestamp":null,"incognito_mode":false},{"ts":"2022-07-12T03:43:35Z","username":"brian.cross741","platform":"iOS 15.5 (iPhone13,3)","ms_played":0,"conn_country":"US","ip_addr_decrypted":"68.174.11.193","user_agent_decrypted":"unknown","master_metadata_track_name":null,"master_metadata_album_artist_name":null,"master_metadata_album_album_name":null,"spotify_track_uri":null,"episode_name":"Bums: Making a Mess All Over the City","episode_show_name":"The Always Sunny Podcast","spotify_episode_uri":"spotify:episode:4Wq8noCo3XCJwUkgTaEiSE","reason_start":"remote","reason_end":"endplay","shuffle":false,"skipped":null,"offline":null,"offline_timestamp":null,"incognito_mode":false},{"ts":"2022-07-12T04:18:13Z","username":"brian.cross741","platform":"iOS 15.5 (iPhone13,3)","ms_played":0,"conn_country":"US","ip_addr_decrypted":"68.174.11.193","user_agent_decrypted":"unknown","master_metadata_track_name":null,"master_metadata_album_artist_name":null,"master_metadata_album_album_name":null,"spotify_track_uri":null,"episode_name":"Bums: Making a Mess All Over the City","episode_show_name":"The Always Sunny Podcast","spotify_episode_uri":"spotify:episode:4Wq8noCo3XCJwUkgTaEiSE","reason_start":"remote","reason_end":"endplay","shuffle":false,"skipped":null,"offline":null,"offline_timestamp":null,"incognito_mode":false},{"ts":"2022-07-12T15:48:41Z","username":"brian.cross741","platform":"iOS 15.5 (iPad7,4)","ms_played":3523330,"conn_country":"US","ip_addr_decrypted":"68.174.11.193","user_agent_decrypted":"unknown","master_metadata_track_name":null,"master_metadata_album_artist_name":null,"master_metadata_album_album_name":null,"spotify_track_uri":null,"episode_name":"Bums: Making a Mess All Over the City","episode_show_name":"The Always Sunny Podcast","spotify_episode_uri":"spotify:episode:4Wq8noCo3XCJwUkgTaEiSE","reason_start":"trackdone","reason_end":"trackdone","shuffle":false,"skipped":null,"offline":null,"offline_timestamp":null,"incognito_mode":false},{"ts":"2022-07-12T16:47:02Z","username":"brian.cross741","platform":"iOS 15.5 (iPad7,4)","ms_played":2641684,"conn_country":"US","ip_addr_decrypted":"68.174.11.193","user_agent_decrypted":"unknown","master_metadata_track_name":null,"master_metadata_album_artist_name":null,"master_metadata_album_album_name":null,"spotify_track_uri":null,"episode_name":"The Gang Dances Their Asses Off","episode_show_name":"The Always Sunny Podcast","spotify_episode_uri":"spotify:episode:3dcpPThFL2UjvUPqNvQ4AQ","reason_start":"trackdone","reason_end":"trackdone","shuffle":false,"skipped":null,"offline":null,"offline_timestamp":null,"incognito_mode":false},{"ts":"2022-07-12T16:56:21Z","username":"brian.cross741","platform":"iOS 15.5 (iPhone13,3)","ms_played":0,"conn_country":"US","ip_addr_decrypted":"68.174.11.193","user_agent_decrypted":"unknown","master_metadata_track_name":null,"master_metadata_album_artist_name":null,"master_metadata_album_album_name":null,"spotify_track_uri":null,"episode_name":"The Gang Dances Their Asses Off","episode_show_name":"The Always Sunny Podcast","spotify_episode_uri":"spotify:episode:3dcpPThFL2UjvUPqNvQ4AQ","reason_start":"remote","reason_end":"endplay","shuffle":false,"skipped":null,"offline":null,"offline_timestamp":null,"incognito_mode":false},{"ts":"2022-07-12T19:40:49Z","username":"brian.cross741","platform":"iOS 15.5 (iPad7,4)","ms_played":3889845,"conn_country":"US","ip_addr_decrypted":"68.174.11.193","user_agent_decrypted":"unknown","master_metadata_track_name":null,"master_metadata_album_artist_name":null,"master_metadata_album_album_name":null,"spotify_track_uri":null,"episode_name":"The Waitress (with special guest, Mary Elizabeth Ellis!)","episode_show_name":"The Always Sunny Podcast","spotify_episode_uri":"spotify:episode:30KYpQrOMzWO29jtf7ditV","reason_start":"trackdone","reason_end":"trackdone","shuffle":false,"skipped":null,"offline":null,"offline_timestamp":null,"incognito_mode":false},{"ts":"2022-07-12T19:56:58Z","username":"brian.cross741","platform":"iOS 15.5 (iPhone13,3)","ms_played":0,"conn_country":"US","ip_addr_decrypted":"68.174.11.193","user_agent_decrypted":"unknown","master_metadata_track_name":null,"master_metadata_album_artist_name":null,"master_metadata_album_album_name":null,"spotify_track_uri":null,"episode_name":"The Waitress (with special guest, Mary Elizabeth Ellis!)","episode_show_name":"The Always Sunny Podcast","spotify_episode_uri":"spotify:episode:30KYpQrOMzWO29jtf7ditV","reason_start":"remote","reason_end":"endplay","shuffle":false,"skipped":null,"offline":null,"offline_timestamp":null,"incognito_mode":false},{"ts":"2022-07-25T19:40:13Z","username":"brian.cross741","platform":"iOS 15.5 (iPad7,4)","ms_played":2381589,"conn_country":"US","ip_addr_decrypted":"68.174.11.193","user_agent_decrypted":"unknown","master_metadata_track_name":null,"master_metadata_album_artist_name":null,"master_metadata_album_album_name":null,"spotify_track_uri":null,"episode_name":"Mac and Dennis: Manhunters (with special guest, Kaitlin Olson!)","episode_show_name":"The Always Sunny Podcast","spotify_episode_uri":"spotify:episode:2nfbuDIc6DOLO5LZBpkvbG","reason_start":"clickrow","reason_end":"trackdone","shuffle":false,"skipped":null,"offline":null,"offline_timestamp":null,"incognito_mode":false},{"ts":"2022-07-25T21:44:09Z","username":"brian.cross741","platform":"iOS 15.5 (iPhone13,3)","ms_played":651587,"conn_country":"US","ip_addr_decrypted":"68.174.11.193","user_agent_decrypted":"unknown","master_metadata_track_name":null,"master_metadata_album_artist_name":null,"master_metadata_album_album_name":null,"spotify_track_uri":null,"episode_name":"Mac and Dennis: Manhunters (with special guest, Kaitlin Olson!)","episode_show_name":"The Always Sunny Podcast","spotify_episode_uri":"spotify:episode:2nfbuDIc6DOLO5LZBpkvbG","reason_start":"clickrow","reason_end":"endplay","shuffle":false,"skipped":null,"offline":null,"offline_timestamp":null,"incognito_mode":false},{"ts":"2022-07-26T11:44:26Z","username":"brian.cross741","platform":"iOS 15.5 (iPad7,4)","ms_played":3438142,"conn_country":"US","ip_addr_decrypted":"68.174.11.193","user_agent_decrypted":"unknown","master_metadata_track_name":null,"master_metadata_album_artist_name":null,"master_metadata_album_album_name":null,"spotify_track_uri":null,"episode_name":"The Gang Solves the Gas Crisis","episode_show_name":"The Always Sunny Podcast","spotify_episode_uri":"spotify:episode:0oqaxLVGozXoPgcrP0B9IX","reason_start":"trackdone","reason_end":"trackdone","shuffle":false,"skipped":null,"offline":null,"offline_timestamp":null,"incognito_mode":false},{"ts":"2022-07-26T23:09:28Z","username":"brian.cross741","platform":"iOS 15.5 (iPhone13,3)","ms_played":210595,"conn_country":"US","ip_addr_decrypted":"68.174.11.193","user_agent_decrypted":"unknown","master_metadata_track_name":null,"master_metadata_album_artist_name":null,"master_metadata_album_album_name":null,"spotify_track_uri":null,"episode_name":"The Gang Solves the Gas Crisis","episode_show_name":"The Always Sunny Podcast","spotify_episode_uri":"spotify:episode:0oqaxLVGozXoPgcrP0B9IX","reason_start":"clickrow","reason_end":"unexpected-exit-while-paused","shuffle":false,"skipped":null,"offline":null,"offline_timestamp":null,"incognito_mode":false},{"ts":"2022-08-05T20:06:59Z","username":"brian.cross741","platform":"iOS 15.5 (iPad7,4)","ms_played":2913271,"conn_country":"US","ip_addr_decrypted":"68.174.11.193","user_agent_decrypted":"unknown","master_metadata_track_name":null,"master_metadata_album_artist_name":null,"master_metadata_album_album_name":null,"spotify_track_uri":null,"episode_name":"America's Next Top Paddy's Billboard Model Contest","episode_show_name":"The Always Sunny Podcast","spotify_episode_uri":"spotify:episode:09HCCTfb8oiu2mkVYRQM7C","reason_start":"clickrow","reason_end":"trackdone","shuffle":false,"skipped":null,"offline":null,"offline_timestamp":null,"incognito_mode":false},{"ts":"2022-08-11T18:06:57Z","username":"brian.cross741","platform":"iOS 15.6 (iPhone13,3)","ms_played":2951083,"conn_country":"US","ip_addr_decrypted":"68.174.11.193","user_agent_decrypted":"unknown","master_metadata_track_name":null,"master_metadata_album_artist_name":null,"master_metadata_album_album_name":null,"spotify_track_uri":null,"episode_name":"Mac's Banging the Waitress","episode_show_name":"The Always Sunny Podcast","spotify_episode_uri":"spotify:episode:2noyWujiPJZMBuaXo2rboA","reason_start":"clickrow","reason_end":"trackdone","shuffle":false,"skipped":null,"offline":null,"offline_timestamp":null,"incognito_mode":false},{"ts":"2022-08-22T13:58:12Z","username":"brian.cross741","platform":"Windows 10 (10.0.19044; x64)","ms_played":0,"conn_country":"US","ip_addr_decrypted":"68.174.11.193","user_agent_decrypted":"unknown","master_metadata_track_name":null,"master_metadata_album_artist_name":null,"master_metadata_album_album_name":null,"spotify_track_uri":null,"episode_name":"Cricket (with special guest, David Hornsby!)","episode_show_name":"The Always Sunny Podcast","spotify_episode_uri":"spotify:episode:55kkx2ZYTTKeNxu7r8xh1N","reason_start":"remote","reason_end":"endplay","shuffle":false,"skipped":null,"offline":null,"offline_timestamp":null,"incognito_mode":false},{"ts":"2022-08-22T19:13:23Z","username":"brian.cross741","platform":"iOS 15.6 (iPhone13,3)","ms_played":2351542,"conn_country":"US","ip_addr_decrypted":"68.174.11.193","user_agent_decrypted":"unknown","master_metadata_track_name":null,"master_metadata_album_artist_name":null,"master_metadata_album_album_name":null,"spotify_track_uri":null,"episode_name":"Cricket (with special guest, David Hornsby!)","episode_show_name":"The Always Sunny Podcast","spotify_episode_uri":"spotify:episode:55kkx2ZYTTKeNxu7r8xh1N","reason_start":"clickrow","reason_end":"unexpected-exit-while-paused","shuffle":false,"skipped":null,"offline":null,"offline_timestamp":null,"incognito_mode":false},{"ts":"2022-08-22T20:06:23Z","username":"brian.cross741","platform":"iOS 15.6 (iPhone13,3)","ms_played":1986216,"conn_country":"US","ip_addr_decrypted":"68.174.11.193","user_agent_decrypted":"unknown","master_metadata_track_name":null,"master_metadata_album_artist_name":null,"master_metadata_album_album_name":null,"spotify_track_uri":null,"episode_name":"Cricket (with special guest, David Hornsby!)","episode_show_name":"The Always Sunny Podcast","spotify_episode_uri":"spotify:episode:55kkx2ZYTTKeNxu7r8xh1N","reason_start":"appload","reason_end":"trackdone","shuffle":false,"skipped":null,"offline":null,"offline_timestamp":null,"incognito_mode":false},{"ts":"2022-08-22T22:05:08Z","username":"brian.cross741","platform":"iOS 15.6 (iPhone13,3)","ms_played":3292327,"conn_country":"US","ip_addr_decrypted":"68.174.11.193","user_agent_decrypted":"unknown","master_metadata_track_name":null,"master_metadata_album_artist_name":null,"master_metadata_album_album_name":null,"spotify_track_uri":null,"episode_name":"Organized Choreographed Dance!","episode_show_name":"The Always Sunny Podcast","spotify_episode_uri":"spotify:episode:7uMdr3hYzqzfpTETSvxNLB","reason_start":"trackdone","reason_end":"trackdone","shuffle":false,"skipped":null,"offline":null,"offline_timestamp":null,"incognito_mode":false},{"ts":"2022-08-30T00:50:55Z","username":"brian.cross741","platform":"Windows 10 (10.0.19044; x64)","ms_played":0,"conn_country":"US","ip_addr_decrypted":"68.174.11.193","user_agent_decrypted":"unknown","master_metadata_track_name":null,"master_metadata_album_artist_name":null,"master_metadata_album_album_name":null,"spotify_track_uri":null,"episode_name":"Who Pooped the Bed?","episode_show_name":"The Always Sunny Podcast","spotify_episode_uri":"spotify:episode:2SWLiyiWinvEt3hMYiE8h1","reason_start":"remote","reason_end":"endplay","shuffle":false,"skipped":null,"offline":null,"offline_timestamp":null,"incognito_mode":false},{"ts":"2022-08-31T12:53:57Z","username":"brian.cross741","platform":"iOS 15.5 (iPad7,4)","ms_played":4071396,"conn_country":"US","ip_addr_decrypted":"68.174.11.193","user_agent_decrypted":"unknown","master_metadata_track_name":null,"master_metadata_album_artist_name":null,"master_metadata_album_album_name":null,"spotify_track_uri":null,"episode_name":"Who Pooped the Bed?","episode_show_name":"The Always Sunny Podcast","spotify_episode_uri":"spotify:episode:2SWLiyiWinvEt3hMYiE8h1","reason_start":"clickrow","reason_end":"unexpected-exit-while-paused","shuffle":false,"skipped":null,"offline":null,"offline_timestamp":null,"incognito_mode":false},{"ts":"2022-09-25T22:53:51Z","username":"brian.cross741","platform":"iOS 15.5 (iPad7,4)","ms_played":3468629,"conn_country":"US","ip_addr_decrypted":"68.174.11.193","user_agent_decrypted":"unknown","master_metadata_track_name":null,"master_metadata_album_artist_name":null,"master_metadata_album_album_name":null,"spotify_track_uri":null,"episode_name":"Paddy's Pub: The Worst Bar in Philadelphia","episode_show_name":"The Always Sunny Podcast","spotify_episode_uri":"spotify:episode:2ZjwWLAbCFyod9dGyk10Pb","reason_start":"clickrow","reason_end":"trackdone","shuffle":false,"skipped":null,"offline":null,"offline_timestamp":null,"incognito_mode":false},{"ts":"2022-09-25T23:41:38Z","username":"brian.cross741","platform":"iOS 15.5 (iPad7,4)","ms_played":2866752,"conn_country":"US","ip_addr_decrypted":"68.174.11.193","user_agent_decrypted":"unknown","master_metadata_track_name":null,"master_metadata_album_artist_name":null,"master_metadata_album_album_name":null,"spotify_track_uri":null,"episode_name":"How Philly Are Youse?","episode_show_name":"The Always Sunny Podcast","spotify_episode_uri":"spotify:episode:31V83wGjy9t9ZXdTljxm1x","reason_start":"trackdone","reason_end":"trackdone","shuffle":false,"skipped":null,"offline":null,"offline_timestamp":null,"incognito_mode":false},{"ts":"2022-09-27T22:19:04Z","username":"brian.cross741","platform":"Windows 10 (10.0.19044; x64)","ms_played":0,"conn_country":"US","ip_addr_decrypted":"68.174.11.193","user_agent_decrypted":"unknown","master_metadata_track_name":null,"master_metadata_album_artist_name":null,"master_metadata_album_album_name":null,"spotify_track_uri":null,"episode_name":"The Sweet Cream of Justice","episode_show_name":"The Always Sunny Podcast","spotify_episode_uri":"spotify:episode:4f1J7pOW9QTGxYtQSWTXpg","reason_start":"remote","reason_end":"unexpected-exit","shuffle":false,"skipped":null,"offline":null,"offline_timestamp":null,"incognito_mode":false},{"ts":"2022-09-28T09:48:40Z","username":"brian.cross741","platform":"iOS 15.5 (iPad7,4)","ms_played":1984560,"conn_country":"US","ip_addr_decrypted":"68.174.11.193","user_agent_decrypted":"unknown","master_metadata_track_name":null,"master_metadata_album_artist_name":null,"master_metadata_album_album_name":null,"spotify_track_uri":null,"episode_name":"The Sweet Cream of Justice","episode_show_name":"The Always Sunny Podcast","spotify_episode_uri":"spotify:episode:4f1J7pOW9QTGxYtQSWTXpg","reason_start":"trackdone","reason_end":"unexpected-exit-while-paused","shuffle":false,"skipped":null,"offline":null,"offline_timestamp":null,"incognito_mode":false},{"ts":"2022-09-30T01:24:57Z","username":"brian.cross741","platform":"iOS 15.5 (iPad7,4)","ms_played":1334611,"conn_country":"US","ip_addr_decrypted":"68.174.11.193","user_agent_decrypted":"unknown","master_metadata_track_name":null,"master_metadata_album_artist_name":null,"master_metadata_album_album_name":null,"spotify_track_uri":null,"episode_name":"The Sweet Cream of Justice","episode_show_name":"The Always Sunny Podcast","spotify_episode_uri":"spotify:episode:4f1J7pOW9QTGxYtQSWTXpg","reason_start":"clickrow","reason_end":"trackdone","shuffle":false,"skipped":null,"offline":null,"offline_timestamp":null,"incognito_mode":false},{"ts":"2022-09-30T01:55:19Z","username":"brian.cross741","platform":"Windows 10 (10.0.19044; x64)","ms_played":0,"conn_country":"US","ip_addr_decrypted":"68.174.11.193","user_agent_decrypted":"unknown","master_metadata_track_name":null,"master_metadata_album_artist_name":null,"master_metadata_album_album_name":null,"spotify_track_uri":null,"episode_name":"Who's More Healthier? Part 1","episode_show_name":"The Always Sunny Podcast","spotify_episode_uri":"spotify:episode:5EJE42YzERDzGxEBoQd0rl","reason_start":"remote","reason_end":"endplay","shuffle":false,"skipped":null,"offline":null,"offline_timestamp":null,"incognito_mode":false},{"ts":"2022-09-30T16:10:26Z","username":"brian.cross741","platform":"Windows 10 (10.0.19044; x64)","ms_played":0,"conn_country":"US","ip_addr_decrypted":"68.174.11.193","user_agent_decrypted":"unknown","master_metadata_track_name":null,"master_metadata_album_artist_name":null,"master_metadata_album_album_name":null,"spotify_track_uri":null,"episode_name":"Who's More Healthier? Part 1","episode_show_name":"The Always Sunny Podcast","spotify_episode_uri":"spotify:episode:5EJE42YzERDzGxEBoQd0rl","reason_start":"remote","reason_end":"endplay","shuffle":false,"skipped":null,"offline":null,"offline_timestamp":null,"incognito_mode":false},{"ts":"2022-10-05T19:39:51Z","username":"brian.cross741","platform":"iOS 15.5 (iPad7,4)","ms_played":2960762,"conn_country":"US","ip_addr_decrypted":"68.174.11.193","user_agent_decrypted":"unknown","master_metadata_track_name":null,"master_metadata_album_artist_name":null,"master_metadata_album_album_name":null,"spotify_track_uri":null,"episode_name":"Who's More Healthier? Part 1","episode_show_name":"The Always Sunny Podcast","spotify_episode_uri":"spotify:episode:5EJE42YzERDzGxEBoQd0rl","reason_start":"trackdone","reason_end":"unexpected-exit-while-paused","shuffle":false,"skipped":null,"offline":null,"offline_timestamp":null,"incognito_mode":false},{"ts":"2022-10-14T21:20:12Z","username":"brian.cross741","platform":"iOS 15.5 (iPad7,4)","ms_played":1336812,"conn_country":"US","ip_addr_decrypted":"68.174.11.193","user_agent_decrypted":"unknown","master_metadata_track_name":null,"master_metadata_album_artist_name":null,"master_metadata_album_album_name":null,"spotify_track_uri":null,"episode_name":"Dennis Reynolds: An Erotic Life","episode_show_name":"The Always Sunny Podcast","spotify_episode_uri":"spotify:episode:4WLtC9o7QJFc4OSeD5h4HE","reason_start":"clickrow","reason_end":"endplay","shuffle":false,"skipped":null,"offline":null,"offline_timestamp":null,"incognito_mode":false},{"ts":"2022-12-04T00:44:35Z","username":"brian.cross741","platform":"ios","ms_played":2700,"conn_country":"US","ip_addr_decrypted":"174.216.243.110","user_agent_decrypted":null,"master_metadata_track_name":"Hold That Heat (feat. Travis Scott)","master_metadata_album_artist_name":"Southside","master_metadata_album_album_name":"Hold That Heat (feat. Travis Scott)","spotify_track_uri":"spotify:track:6OrTKLtcF7EBayOV2QqkSK","episode_name":null,"episode_show_name":null,"spotify_episode_uri":null,"reason_start":"unknown","reason_end":"endplay","shuffle":false,"skipped":true,"offline":null,"offline_timestamp":0,"incognito_mode":false},{"ts":"2022-12-04T00:44:37Z","username":"brian.cross741","platform":"ios","ms_played":0,"conn_country":"US","ip_addr_decrypted":"174.216.243.110","user_agent_decrypted":null,"master_metadata_track_name":"Miracle","master_metadata_album_artist_name":"A Day To Remember","master_metadata_album_album_name":"Miracle","spotify_track_uri":"spotify:track:2ah5gOCogw00A62XBoepmc","episode_name":null,"episode_show_name":null,"spotify_episode_uri":null,"reason_start":"unknown","reason_end":"endplay","shuffle":false,"skipped":true,"offline":null,"offline_timestamp":0,"incognito_mode":false},{"ts":"2022-12-04T00:44:37Z","username":"brian.cross741","platform":"ios","ms_played":1099,"conn_country":"US","ip_addr_decrypted":"174.216.243.110","user_agent_decrypted":null,"master_metadata_track_name":"ZOMBIFIED","master_metadata_album_artist_name":"Falling In Reverse","master_metadata_album_album_name":"ZOMBIFIED","spotify_track_uri":"spotify:track:2ib8fuTavdc48X6MjhE4Ft","episode_name":null,"episode_show_name":null,"spotify_episode_uri":null,"reason_start":"unknown","reason_end":"endplay","shuffle":false,"skipped":true,"offline":null,"offline_timestamp":0,"incognito_mode":false},{"ts":"2022-12-04T00:44:37Z","username":"brian.cross741","platform":"ios","ms_played":0,"conn_country":"US","ip_addr_decrypted":"174.216.243.110","user_agent_decrypted":null,"master_metadata_track_name":"Hold That Heat (feat. Travis Scott)","master_metadata_album_artist_name":"Southside","master_metadata_album_album_name":"Hold That Heat (feat. Travis Scott)","spotify_track_uri":"spotify:track:6OrTKLtcF7EBayOV2QqkSK","episode_name":null,"episode_show_name":null,"spotify_episode_uri":null,"reason_start":"unknown","reason_end":"endplay","shuffle":false,"skipped":true,"offline":null,"offline_timestamp":0,"incognito_mode":false},{"ts":"2022-12-04T18:05:26Z","username":"brian.cross741","platform":"ios","ms_played":0,"conn_country":"US","ip_addr_decrypted":"174.204.141.39","user_agent_decrypted":null,"master_metadata_track_name":"Hold That Heat (feat. Travis Scott)","master_metadata_album_artist_name":"Southside","master_metadata_album_album_name":"Hold That Heat (feat. Travis Scott)","spotify_track_uri":"spotify:track:6OrTKLtcF7EBayOV2QqkSK","episode_name":null,"episode_show_name":null,"spotify_episode_uri":null,"reason_start":"unknown","reason_end":"endplay","shuffle":false,"skipped":true,"offline":null,"offline_timestamp":0,"incognito_mode":false},{"ts":"2023-01-05T03:24:19Z","username":"brian.cross741","platform":"ios","ms_played":19775,"conn_country":"US","ip_addr_decrypted":"68.174.11.193","user_agent_decrypted":null,"master_metadata_track_name":null,"master_metadata_album_artist_name":null,"master_metadata_album_album_name":null,"spotify_track_uri":null,"episode_name":"Danny DeVito, Everybody","episode_show_name":"The Always Sunny Podcast","spotify_episode_uri":"spotify:episode:04D2Pc0Mh9JU328FQnAd8y","reason_start":"trackdone","reason_end":"endplay","shuffle":false,"skipped":true,"offline":null,"offline_timestamp":0,"incognito_mode":false},{"ts":"2023-02-06T17:24:51Z","username":"brian.cross741","platform":"ios","ms_played":1212665,"conn_country":"US","ip_addr_decrypted":"68.174.11.193","user_agent_decrypted":null,"master_metadata_track_name":null,"master_metadata_album_artist_name":null,"master_metadata_album_album_name":null,"spotify_track_uri":null,"episode_name":"Acting (Without Rob) ","episode_show_name":"The Always Sunny Podcast","spotify_episode_uri":"spotify:episode:0frP9biyxjLq2AQbJE17L3","reason_start":"clickrow","reason_end":"unexpected-exit-while-paused","shuffle":false,"skipped":false,"offline":null,"offline_timestamp":0,"incognito_mode":false},{"ts":"2023-02-14T18:48:18Z","username":"brian.cross741","platform":"ios","ms_played":1911460,"conn_country":"US","ip_addr_decrypted":"68.174.11.193","user_agent_decrypted":null,"master_metadata_track_name":null,"master_metadata_album_artist_name":null,"master_metadata_album_album_name":null,"spotify_track_uri":null,"episode_name":"Acting (Without Rob) ","episode_show_name":"The Always Sunny Podcast","spotify_episode_uri":"spotify:episode:0frP9biyxjLq2AQbJE17L3","reason_start":"clickrow","reason_end":"trackdone","shuffle":false,"skipped":false,"offline":null,"offline_timestamp":0,"incognito_mode":false},{"ts":"2023-02-16T17:13:06Z","username":"brian.cross741","platform":"ios","ms_played":962561,"conn_country":"US","ip_addr_decrypted":"68.174.11.193","user_agent_decrypted":null,"master_metadata_track_name":null,"master_metadata_album_artist_name":null,"master_metadata_album_album_name":null,"spotify_track_uri":null,"episode_name":"The Gang Hits the Road","episode_show_name":"The Always Sunny Podcast","spotify_episode_uri":"spotify:episode:4bbi03h7FoZkdGMbXGfijs","reason_start":"clickrow","reason_end":"unexpected-exit-while-paused","shuffle":false,"skipped":false,"offline":null,"offline_timestamp":0,"incognito_mode":false},{"ts":"2023-03-02T01:00:09Z","username":"brian.cross741","platform":"ios","ms_played":1184320,"conn_country":"US","ip_addr_decrypted":"68.174.11.193","user_agent_decrypted":null,"master_metadata_track_name":null,"master_metadata_album_artist_name":null,"master_metadata_album_album_name":null,"spotify_track_uri":null,"episode_name":"The Great Recession","episode_show_name":"The Always Sunny Podcast","spotify_episode_uri":"spotify:episode:2DsC0sCXn5R6yYKTSUSE5d","reason_start":"clickrow","reason_end":"unexpected-exit-while-paused","shuffle":false,"skipped":false,"offline":null,"offline_timestamp":0,"incognito_mode":false},{"ts":"2023-03-03T13:41:17Z","username":"brian.cross741","platform":"ios","ms_played":1849849,"conn_country":"US","ip_addr_decrypted":"68.174.11.193","user_agent_decrypted":null,"master_metadata_track_name":null,"master_metadata_album_artist_name":null,"master_metadata_album_album_name":null,"spotify_track_uri":null,"episode_name":"The Great Recession","episode_show_name":"The Always Sunny Podcast","spotify_episode_uri":"spotify:episode:2DsC0sCXn5R6yYKTSUSE5d","reason_start":"clickrow","reason_end":"endplay","shuffle":false,"skipped":true,"offline":null,"offline_timestamp":0,"incognito_mode":false},{"ts":"2023-06-07T20:05:59Z","username":"brian.cross741","platform":"ios","ms_played":571,"conn_country":"US","ip_addr_decrypted":"174.204.133.170","user_agent_decrypted":null,"master_metadata_track_name":"Interzone - 2007 Remaster","master_metadata_album_artist_name":"Joy Division","master_metadata_album_album_name":"Unknown Pleasures","spotify_track_uri":"spotify:track:3iMq9V0Ece9ubjWAYVcMwj","episode_name":null,"episode_show_name":null,"spotify_episode_uri":null,"reason_start":"unknown","reason_end":"endplay","shuffle":false,"skipped":true,"offline":null,"offline_timestamp":0,"incognito_mode":false},{"ts":"2023-06-07T20:06:00Z","username":"brian.cross741","platform":"ios","ms_played":0,"conn_country":"US","ip_addr_decrypted":"174.204.133.170","user_agent_decrypted":null,"master_metadata_track_name":"Interzone - 2007 Remaster","master_metadata_album_artist_name":"Joy Division","master_metadata_album_album_name":"Unknown Pleasures","spotify_track_uri":"spotify:track:3iMq9V0Ece9ubjWAYVcMwj","episode_name":null,"episode_show_name":null,"spotify_episode_uri":null,"reason_start":"unknown","reason_end":"endplay","shuffle":false,"skipped":true,"offline":null,"offline_timestamp":0,"incognito_mode":false},{"ts":"2023-06-07T20:06:00Z","username":"brian.cross741","platform":"ios","ms_played":0,"conn_country":"US","ip_addr_decrypted":"174.204.133.170","user_agent_decrypted":null,"master_metadata_track_name":"How Soon Is Now? - 2011 Remaster","master_metadata_album_artist_name":"The Smiths","master_metadata_album_album_name":"Hatful of Hollow","spotify_track_uri":"spotify:track:1YrnDTqvcnUKxAIeXyaEmU","episode_name":null,"episode_show_name":null,"spotify_episode_uri":null,"reason_start":"unknown","reason_end":"endplay","shuffle":false,"skipped":true,"offline":null,"offline_timestamp":0,"incognito_mode":false},{"ts":"2023-07-03T14:33:37Z","username":"brian.cross741","platform":"ios","ms_played":0,"conn_country":"US","ip_addr_decrypted":"68.174.11.193","user_agent_decrypted":null,"master_metadata_track_name":"The Whether Channel","master_metadata_album_artist_name":"Oneohtrix Point Never","master_metadata_album_album_name":"Magic Oneohtrix Point Never","spotify_track_uri":"spotify:track:3hKgMgC4KWmTWj5swA3ZBS","episode_name":null,"episode_show_name":null,"spotify_episode_uri":null,"reason_start":"unknown","reason_end":"endplay","shuffle":false,"skipped":true,"offline":null,"offline_timestamp":0,"incognito_mode":false},{"ts":"2023-07-03T14:33:37Z","username":"brian.cross741","platform":"ios","ms_played":0,"conn_country":"US","ip_addr_decrypted":"68.174.11.193","user_agent_decrypted":null,"master_metadata_track_name":"So They Say","master_metadata_album_artist_name":"Kenny Beats","master_metadata_album_album_name":"LOUIE","spotify_track_uri":"spotify:track:2xuaGUZwr4lr0HhFx3JybI","episode_name":null,"episode_show_name":null,"spotify_episode_uri":null,"reason_start":"unknown","reason_end":"endplay","shuffle":false,"skipped":true,"offline":null,"offline_timestamp":0,"incognito_mode":false},{"ts":"2023-07-03T14:33:37Z","username":"brian.cross741","platform":"ios","ms_played":1273,"conn_country":"US","ip_addr_decrypted":"68.174.11.193","user_agent_decrypted":null,"master_metadata_track_name":"The Whether Channel","master_metadata_album_artist_name":"Oneohtrix Point Never","master_metadata_album_album_name":"Magic Oneohtrix Point Never","spotify_track_uri":"spotify:track:3hKgMgC4KWmTWj5swA3ZBS","episode_name":null,"episode_show_name":null,"spotify_episode_uri":null,"reason_start":"unknown","reason_end":"endplay","shuffle":false,"skipped":true,"offline":null,"offline_timestamp":0,"incognito_mode":false},{"ts":"2023-11-07T23:22:44Z","username":"brian.cross741","platform":"ios","ms_played":0,"conn_country":"US","ip_addr_decrypted":"68.174.11.193","user_agent_decrypted":null,"master_metadata_track_name":null,"master_metadata_album_artist_name":null,"master_metadata_album_album_name":null,"spotify_track_uri":null,"episode_name":"The Making Of The Offset Episode [VIDEO]","episode_show_name":"Call Her Daddy","spotify_episode_uri":"spotify:episode:2jM2vAUnfxxdyVMGYxIXCH","reason_start":"unknown","reason_end":"endplay","shuffle":false,"skipped":true,"offline":null,"offline_timestamp":0,"incognito_mode":false},{"ts":"2024-01-17T22:28:11Z","username":"brian.cross741","platform":"ios","ms_played":183,"conn_country":"US","ip_addr_decrypted":"68.174.11.193","user_agent_decrypted":null,"master_metadata_track_name":null,"master_metadata_album_artist_name":null,"master_metadata_album_album_name":null,"spotify_track_uri":null,"episode_name":"Friendship Breakups","episode_show_name":"Hot Mess with Alix Earle","spotify_episode_uri":"spotify:episode:736ox3eK8WZWolBOkxqqvE","reason_start":"unknown","reason_end":"endplay","shuffle":false,"skipped":true,"offline":null,"offline_timestamp":0,"incognito_mode":false}]